"都道府県コード","都道府県名","市区町村コード","市区町村名","大字町丁目コード","大字町丁目名","緯度","経度","原典資料コード","大字・字・丁目区分コード"
"5","秋田県","5201","秋田市","52010001000","旭川清澄町","39.743039","140.128123","0","1"
"5","秋田県","5201","秋田市","52010002000","旭川新藤田西町","39.740677","140.12612","0","1"
"5","秋田県","5201","秋田市","52010003000","旭川新藤田東町","39.74051","140.129167","0","1"
"5","秋田県","5201","秋田市","52010004000","旭川南町","39.736556","140.128467","0","1"
"5","秋田県","5201","秋田市","52010005000","新屋朝日町","39.701936","140.087242","0","1"
"5","秋田県","5201","秋田市","52010006000","新屋大川町","39.685846","140.092201","0","1"
"5","秋田県","5201","秋田市","52010007000","新屋扇町","39.67954","140.086936","0","1"
"5","秋田県","5201","秋田市","52010008000","新屋沖田町","39.673852","140.089363","0","1"
"5","秋田県","5201","秋田市","52010009000","新屋表町","39.680515","140.083494","0","1"
"5","秋田県","5201","秋田市","52010010000","新屋勝平台","39.705172","140.077629","0","1"
"5","秋田県","5201","秋田市","52010011000","新屋勝平町","39.695323","140.082083","0","1"
"5","秋田県","5201","秋田市","52010012000","新屋北浜町","39.701038","140.072315","0","1"
"5","秋田県","5201","秋田市","52010013000","新屋栗田町","39.688162","140.080856","0","1"
"5","秋田県","5201","秋田市","52010014000","新屋寿町","39.6954","140.076893","0","1"
"5","秋田県","5201","秋田市","52010015000","新屋下川原町","39.705928","140.073897","0","1"
"5","秋田県","5201","秋田市","52010016000","新屋渋谷町","39.674463","140.097492","0","1"
"5","秋田県","5201","秋田市","52010017000","新屋高美町","39.674388","140.094775","0","1"
"5","秋田県","5201","秋田市","52010018000","新屋田尻沢中町","39.671364","140.093575","0","1"
"5","秋田県","5201","秋田市","52010019000","新屋田尻沢西町","39.671298","140.09132","0","1"
"5","秋田県","5201","秋田市","52010020000","新屋田尻沢東町","39.671253","140.096202","0","1"
"5","秋田県","5201","秋田市","52010021000","新屋天秤野","39.707322","140.086513","0","1"
"5","秋田県","5201","秋田市","52010022000","新屋鳥木町","39.679301","140.095639","0","1"
"5","秋田県","5201","秋田市","52010023000","新屋比内町","39.674032","140.081858","0","1"
"5","秋田県","5201","秋田市","52010024000","新屋日吉町","39.680919","140.079073","0","1"
"5","秋田県","5201","秋田市","52010025000","新屋船場町","39.695772","140.087551","0","1"
"5","秋田県","5201","秋田市","52010026000","新屋前野町","39.671356","140.088762","0","1"
"5","秋田県","5201","秋田市","52010027000","新屋町","39.704578","140.065329","0","1"
"5","秋田県","5201","秋田市","52010028000","新屋松美ガ丘北町","39.706539","140.080475","0","1"
"5","秋田県","5201","秋田市","52010029000","新屋松美ガ丘東町","39.704192","140.084251","0","1"
"5","秋田県","5201","秋田市","52010030000","新屋松美ガ丘南町","39.701613","140.081921","0","1"
"5","秋田県","5201","秋田市","52010031000","新屋松美町","39.700026","140.077801","0","1"
"5","秋田県","5201","秋田市","52010032000","新屋南浜町","39.695568","140.071763","0","1"
"5","秋田県","5201","秋田市","52010033000","新屋元町","39.687933","140.085196","0","1"
"5","秋田県","5201","秋田市","52010034000","新屋豊町","39.702745","140.091716","0","1"
"5","秋田県","5201","秋田市","52010035000","新屋割山町","39.698796","140.087363","0","1"
"5","秋田県","5201","秋田市","52010036000","飯島","39.778213","140.047117","0","1"
"5","秋田県","5201","秋田市","52010037001","飯島飯田一丁目","39.770973","140.092303","0","3"
"5","秋田県","5201","秋田市","52010037002","飯島飯田二丁目","39.773192","140.089553","0","3"
"5","秋田県","5201","秋田市","52010038001","飯島川端一丁目","39.779307","140.062246","0","3"
"5","秋田県","5201","秋田市","52010038002","飯島川端二丁目","39.783988","140.062682","0","3"
"5","秋田県","5201","秋田市","52010038003","飯島川端三丁目","39.787261","140.060822","0","3"
"5","秋田県","5201","秋田市","52010039000","飯島穀丁","39.776272","140.061829","0","1"
"5","秋田県","5201","秋田市","52010040001","飯島新町一丁目","39.765393","140.089757","0","3"
"5","秋田県","5201","秋田市","52010040002","飯島新町二丁目","39.768695","140.087355","0","3"
"5","秋田県","5201","秋田市","52010040003","飯島新町三丁目","39.771432","140.085032","0","3"
"5","秋田県","5201","秋田市","52010041000","飯島長野上町","39.7688","140.081752","0","1"
"5","秋田県","5201","秋田市","52010042000","飯島長野中町","39.770423","140.07885","0","1"
"5","秋田県","5201","秋田市","52010043000","飯島長野本町","39.771839","140.082192","0","1"
"5","秋田県","5201","秋田市","52010044001","飯島西袋一丁目","39.767014","140.092654","0","3"
"5","秋田県","5201","秋田市","52010044002","飯島西袋二丁目","39.769765","140.089725","0","3"
"5","秋田県","5201","秋田市","52010044003","飯島西袋三丁目","39.772231","140.087414","0","3"
"5","秋田県","5201","秋田市","52010045001","飯島鼠田一丁目","39.783342","140.06895","0","3"
"5","秋田県","5201","秋田市","52010045002","飯島鼠田二丁目","39.779953","140.070517","0","3"
"5","秋田県","5201","秋田市","52010045003","飯島鼠田三丁目","39.781801","140.071522","0","3"
"5","秋田県","5201","秋田市","52010045004","飯島鼠田四丁目","39.781942","140.074102","0","3"
"5","秋田県","5201","秋田市","52010046000","飯島文京町","39.772543","140.078068","0","1"
"5","秋田県","5201","秋田市","52010047000","飯島松根西町","39.772017","140.071578","0","1"
"5","秋田県","5201","秋田市","52010048000","飯島松根東町","39.772171","140.073893","0","1"
"5","秋田県","5201","秋田市","52010049000","飯島美砂町","39.776192","140.074122","0","1"
"5","秋田県","5201","秋田市","52010050001","飯島道東一丁目","39.776441","140.066947","0","3"
"5","秋田県","5201","秋田市","52010050002","飯島道東二丁目","39.780431","140.065956","0","3"
"5","秋田県","5201","秋田市","52010050003","飯島道東三丁目","39.784468","140.065592","0","3"
"5","秋田県","5201","秋田市","52010051000","飯島緑丘町","39.77721","140.070693","0","1"
"5","秋田県","5201","秋田市","52010052000","泉","39.739141","140.121806","0","1"
"5","秋田県","5201","秋田市","52010053000","泉一ノ坪","39.735393","140.120742","0","1"
"5","秋田県","5201","秋田市","52010054000","泉釜ノ町","39.737373","140.11661","0","1"
"5","秋田県","5201","秋田市","52010055001","泉北一丁目","39.735477","140.101491","0","3"
"5","秋田県","5201","秋田市","52010055002","泉北二丁目","39.735785","140.105667","0","3"
"5","秋田県","5201","秋田市","52010055003","泉北三丁目","39.735898","140.109161","0","3"
"5","秋田県","5201","秋田市","52010055004","泉北四丁目","39.736016","140.112337","0","3"
"5","秋田県","5201","秋田市","52010056001","泉菅野一丁目","39.739224","140.107082","0","3"
"5","秋田県","5201","秋田市","52010056002","泉菅野二丁目","39.737127","140.113129","0","3"
"5","秋田県","5201","秋田市","52010057001","泉中央一丁目","39.731105","140.105363","0","3"
"5","秋田県","5201","秋田市","52010057002","泉中央二丁目","39.733111","140.104363","0","3"
"5","秋田県","5201","秋田市","52010057003","泉中央三丁目","39.73353","140.109528","0","3"
"5","秋田県","5201","秋田市","52010057004","泉中央四丁目","39.733906","140.114449","0","3"
"5","秋田県","5201","秋田市","52010057005","泉中央五丁目","39.731906","140.114679","0","3"
"5","秋田県","5201","秋田市","52010057006","泉中央六丁目","39.731485","140.109819","0","3"
"5","秋田県","5201","秋田市","52010058000","泉馬場","39.732427","140.124878","0","1"
"5","秋田県","5201","秋田市","52010059000","泉東町","39.736197","140.126002","0","1"
"5","秋田県","5201","秋田市","52010060000","泉三嶽根","39.737693","140.119921","0","1"
"5","秋田県","5201","秋田市","52010061001","泉南一丁目","39.729099","140.106416","0","3"
"5","秋田県","5201","秋田市","52010061002","泉南二丁目","39.729399","140.110152","0","3"
"5","秋田県","5201","秋田市","52010061003","泉南三丁目","39.729677","140.114949","0","3"
"5","秋田県","5201","秋田市","52010062000","牛島","39.688837","140.110618","3","1"
"5","秋田県","5201","秋田市","52010063001","牛島西一丁目","39.696297","140.114599","0","3"
"5","秋田県","5201","秋田市","52010063002","牛島西二丁目","39.694709","140.117325","0","3"
"5","秋田県","5201","秋田市","52010063003","牛島西三丁目","39.691059","140.105982","0","3"
"5","秋田県","5201","秋田市","52010063004","牛島西四丁目","39.688827","140.106109","0","3"
"5","秋田県","5201","秋田市","52010064001","牛島東一丁目","39.699819","140.115574","0","3"
"5","秋田県","5201","秋田市","52010064002","牛島東二丁目","39.70158","140.119048","0","3"
"5","秋田県","5201","秋田市","52010064003","牛島東三丁目","39.699377","140.120195","0","3"
"5","秋田県","5201","秋田市","52010064004","牛島東四丁目","39.698933","140.123423","0","3"
"5","秋田県","5201","秋田市","52010064005","牛島東五丁目","39.696312","140.122467","0","3"
"5","秋田県","5201","秋田市","52010064006","牛島東六丁目","39.694857","140.124936","0","3"
"5","秋田県","5201","秋田市","52010064007","牛島東七丁目","39.693858","140.133328","0","3"
"5","秋田県","5201","秋田市","52010065001","牛島南一丁目","39.689866","140.109602","0","3"
"5","秋田県","5201","秋田市","52010065002","牛島南二丁目","39.687137","140.106878","0","3"
"5","秋田県","5201","秋田市","52010066001","大住一丁目","39.690919","140.114915","0","3"
"5","秋田県","5201","秋田市","52010066002","大住二丁目","39.690687","140.117292","0","3"
"5","秋田県","5201","秋田市","52010066003","大住三丁目","39.688678","140.118922","0","3"
"5","秋田県","5201","秋田市","52010066004","大住四丁目","39.687885","140.115626","0","3"
"5","秋田県","5201","秋田市","52010067001","大平台一丁目","39.700222","140.159397","0","3"
"5","秋田県","5201","秋田市","52010067002","大平台二丁目","39.697907","140.160149","0","3"
"5","秋田県","5201","秋田市","52010067003","大平台三丁目","39.698882","140.157344","0","3"
"5","秋田県","5201","秋田市","52010067004","大平台四丁目","39.701122","140.153544","0","3"
"5","秋田県","5201","秋田市","52010068001","大町一丁目","39.720206","140.115498","0","3"
"5","秋田県","5201","秋田市","52010068002","大町二丁目","39.718804","140.115022","0","3"
"5","秋田県","5201","秋田市","52010068003","大町三丁目","39.717364","140.114811","0","3"
"5","秋田県","5201","秋田市","52010068004","大町四丁目","39.715898","140.114463","0","3"
"5","秋田県","5201","秋田市","52010068005","大町五丁目","39.714198","140.114158","0","3"
"5","秋田県","5201","秋田市","52010068006","大町六丁目","39.711951","140.114039","0","3"
"5","秋田県","5201","秋田市","52010069001","御野場一丁目","39.673241","140.135706","0","3"
"5","秋田県","5201","秋田市","52010069002","御野場二丁目","39.674157","140.132897","0","3"
"5","秋田県","5201","秋田市","52010069003","御野場三丁目","39.670728","140.134022","0","3"
"5","秋田県","5201","秋田市","52010069004","御野場四丁目","39.671609","140.131959","0","3"
"5","秋田県","5201","秋田市","52010069005","御野場五丁目","39.667719","140.132305","0","3"
"5","秋田県","5201","秋田市","52010069006","御野場六丁目","39.668597","140.129993","0","3"
"5","秋田県","5201","秋田市","52010069007","御野場七丁目","39.670689","140.12923","0","3"
"5","秋田県","5201","秋田市","52010069008","御野場八丁目","39.666999","140.128121","0","3"
"5","秋田県","5201","秋田市","52010070001","御野場新町一丁目","39.674205","140.117876","0","3"
"5","秋田県","5201","秋田市","52010070002","御野場新町二丁目","39.671727","140.122046","0","3"
"5","秋田県","5201","秋田市","52010070003","御野場新町三丁目","39.668918","140.121496","0","3"
"5","秋田県","5201","秋田市","52010070004","御野場新町四丁目","39.667963","140.124333","0","3"
"5","秋田県","5201","秋田市","52010070005","御野場新町五丁目","39.671236","140.12799","0","3"
"5","秋田県","5201","秋田市","52010071001","卸町一丁目","39.701391","140.108113","0","3"
"5","秋田県","5201","秋田市","52010071002","卸町二丁目","39.700475","140.111024","0","3"
"5","秋田県","5201","秋田市","52010071003","卸町三丁目","39.698272","140.110378","0","3"
"5","秋田県","5201","秋田市","52010071004","卸町四丁目","39.696774","140.108036","0","3"
"5","秋田県","5201","秋田市","52010071005","卸町五丁目","39.694599","140.106921","0","3"
"5","秋田県","5201","秋田市","52010072000","金足岩瀬","39.84906","140.069888","0","1"
"5","秋田県","5201","秋田市","52010073000","金足浦山","39.837071","140.082703","0","1"
"5","秋田県","5201","秋田市","52010074000","金足追分","39.815954","140.057251","0","1"
"5","秋田県","5201","秋田市","52010075000","金足大清水","39.844531","140.053827","0","1"
"5","秋田県","5201","秋田市","52010076000","金足片田","39.825158","140.106523","0","1"
"5","秋田県","5201","秋田市","52010077000","金足黒川","39.837807","140.128653","0","1"
"5","秋田県","5201","秋田市","52010078000","金足小泉","39.818695","140.060947","0","1"
"5","秋田県","5201","秋田市","52010079000","金足下刈","39.832274","140.060411","0","1"
"5","秋田県","5201","秋田市","52010080000","金足高岡","39.826262","140.079778","0","1"
"5","秋田県","5201","秋田市","52010081000","金足鳰崎","39.81758","140.070907","0","1"
"5","秋田県","5201","秋田市","52010082000","金足堀内","39.836172","140.069148","0","1"
"5","秋田県","5201","秋田市","52010083000","金足吉田","39.81686","140.099614","0","1"
"5","秋田県","5201","秋田市","52010084000","上北手荒巻","39.69261","140.142776","0","1"
"5","秋田県","5201","秋田市","52010085000","上北手大杉沢","39.696232","140.16909","0","1"
"5","秋田県","5201","秋田市","52010086000","上北手大戸","39.698635","140.150825","0","1"
"5","秋田県","5201","秋田市","52010087000","上北手大山田","39.679246","140.194134","0","1"
"5","秋田県","5201","秋田市","52010088000","上北手御所野","39.656955","140.176022","0","1"
"5","秋田県","5201","秋田市","52010089000","上北手古野","39.66384","140.186162","0","1"
"5","秋田県","5201","秋田市","52010090000","上北手小山田","39.692203","140.190589","0","1"
"5","秋田県","5201","秋田市","52010091000","上北手猿田","39.678536","140.169101","0","1"
"5","秋田県","5201","秋田市","52010092000","上北手百崎","39.693665","140.161488","0","1"
"5","秋田県","5201","秋田市","52010093000","上新城石名坂","39.810106","140.127601","0","1"
"5","秋田県","5201","秋田市","52010094000","上新城小又","39.813533","140.161234","0","1"
"5","秋田県","5201","秋田市","52010095000","上新城五十丁","39.795379","140.134956","0","1"
"5","秋田県","5201","秋田市","52010096000","上新城白山","39.838424","140.19054","0","1"
"5","秋田県","5201","秋田市","52010097000","上新城中","39.790479","140.108606","0","1"
"5","秋田県","5201","秋田市","52010098000","上新城保多野","39.804305","140.132931","0","1"
"5","秋田県","5201","秋田市","52010099000","上新城道川","39.790593","140.154723","0","1"
"5","秋田県","5201","秋田市","52010100000","上新城湯ノ里","39.803052","140.149027","0","1"
"5","秋田県","5201","秋田市","52010101000","川尻上野町","39.707973","140.100929","0","1"
"5","秋田県","5201","秋田市","52010102000","川尻大川町","39.711606","140.091452","0","1"
"5","秋田県","5201","秋田市","52010103000","川尻御休町","39.712296","140.09416","0","1"
"5","秋田県","5201","秋田市","52010104000","川尻新川町","39.707319","140.096432","0","1"
"5","秋田県","5201","秋田市","52010105000","川尻総社町","39.71188","140.100875","0","1"
"5","秋田県","5201","秋田市","52010106000","川尻町","39.714514","140.08439","0","1"
"5","秋田県","5201","秋田市","52010107000","川尻みよし町","39.710671","140.097049","0","1"
"5","秋田県","5201","秋田市","52010108000","川尻若葉町","39.708613","140.092959","0","1"
"5","秋田県","5201","秋田市","52010109000","河辺赤平","39.674796","140.259495","0","1"
"5","秋田県","5201","秋田市","52010110000","河辺岩見","39.743624","140.445548","0","1"
"5","秋田県","5201","秋田市","52010111000","河辺大沢","39.688864","140.253189","0","1"
"5","秋田県","5201","秋田市","52010112000","河辺大張野","39.670783","140.268048","0","1"
"5","秋田県","5201","秋田市","52010113000","河辺北野田高屋","39.677424","140.217501","0","1"
"5","秋田県","5201","秋田市","52010114000","河辺三内","39.761298","140.353632","0","1"
"5","秋田県","5201","秋田市","52010115000","河辺神内","39.671053","140.293112","0","1"
"5","秋田県","5201","秋田市","52010116000","河辺高岡","39.678292","140.248156","0","1"
"5","秋田県","5201","秋田市","52010117000","河辺戸島","39.635898","140.210648","0","1"
"5","秋田県","5201","秋田市","52010118000","河辺豊成","39.64816","140.174988","0","1"
"5","秋田県","5201","秋田市","52010119000","河辺畑谷","39.637259","140.17328","0","1"
"5","秋田県","5201","秋田市","52010120000","河辺松渕","39.646697","140.208498","0","1"
"5","秋田県","5201","秋田市","52010121000","河辺諸井","39.666053","140.240208","0","1"
"5","秋田県","5201","秋田市","52010122000","河辺和田","39.643867","140.243512","0","1"
"5","秋田県","5201","秋田市","52010123000","川元小川町","39.706212","140.104528","0","1"
"5","秋田県","5201","秋田市","52010124000","川元開和町","39.711107","140.105717","0","1"
"5","秋田県","5201","秋田市","52010125000","川元松丘町","39.712067","140.103119","0","1"
"5","秋田県","5201","秋田市","52010126000","川元むつみ町","39.708718","140.10481","0","1"
"5","秋田県","5201","秋田市","52010127000","川元山下町","39.713304","140.106086","0","1"
"5","秋田県","5201","秋田市","52010128001","旭南一丁目","39.710524","140.109387","0","3"
"5","秋田県","5201","秋田市","52010128002","旭南二丁目","39.709719","140.113009","0","3"
"5","秋田県","5201","秋田市","52010128003","旭南三丁目","39.70702","140.107564","0","3"
"5","秋田県","5201","秋田市","52010129000","旭北栄町","39.720268","140.110296","0","1"
"5","秋田県","5201","秋田市","52010130000","旭北寺町","39.715739","140.111137","0","1"
"5","秋田県","5201","秋田市","52010131000","旭北錦町","39.716005","140.109385","0","1"
"5","秋田県","5201","秋田市","52010132000","港北新町","39.76775","140.075265","0","1"
"5","秋田県","5201","秋田市","52010133000","港北松野町","39.768202","140.079056","0","1"
"5","秋田県","5201","秋田市","52010134000","高陽青柳町","39.724791","140.104015","0","1"
"5","秋田県","5201","秋田市","52010135000","高陽幸町","39.724622","140.106972","0","1"
"5","秋田県","5201","秋田市","52010136001","御所野地蔵田一丁目","39.663","140.161109","0","3"
"5","秋田県","5201","秋田市","52010136002","御所野地蔵田二丁目","39.663301","140.155767","0","3"
"5","秋田県","5201","秋田市","52010136003","御所野地蔵田三丁目","39.658414","140.158547","0","3"
"5","秋田県","5201","秋田市","52010136004","御所野地蔵田四丁目","39.660148","140.153796","0","3"
"5","秋田県","5201","秋田市","52010136005","御所野地蔵田五丁目","39.660306","140.151677","0","3"
"5","秋田県","5201","秋田市","52010137001","御所野下堤一丁目","39.664471","140.163469","0","3"
"5","秋田県","5201","秋田市","52010137002","御所野下堤二丁目","39.666813","140.166492","0","3"
"5","秋田県","5201","秋田市","52010137003","御所野下堤三丁目","39.667792","140.162166","0","3"
"5","秋田県","5201","秋田市","52010137004","御所野下堤四丁目","39.66877","140.158044","0","3"
"5","秋田県","5201","秋田市","52010137005","御所野下堤五丁目","39.666944","140.154988","0","3"
"5","秋田県","5201","秋田市","52010138001","御所野堤台一丁目","39.666538","140.169475","0","3"
"5","秋田県","5201","秋田市","52010139001","御所野元町一丁目","39.660619","140.163221","0","3"
"5","秋田県","5201","秋田市","52010139002","御所野元町二丁目","39.663588","140.165903","0","3"
"5","秋田県","5201","秋田市","52010139003","御所野元町三丁目","39.664173","140.171238","0","3"
"5","秋田県","5201","秋田市","52010139004","御所野元町四丁目","39.662043","140.169382","0","3"
"5","秋田県","5201","秋田市","52010139005","御所野元町五丁目","39.660268","140.167273","0","3"
"5","秋田県","5201","秋田市","52010139006","御所野元町六丁目","39.658515","140.166345","0","3"
"5","秋田県","5201","秋田市","52010139007","御所野元町七丁目","39.657507","140.163052","0","3"
"5","秋田県","5201","秋田市","52010140001","御所野湯本一丁目","39.661023","140.173609","0","3"
"5","秋田県","5201","秋田市","52010140002","御所野湯本二丁目","39.657451","140.172382","0","3"
"5","秋田県","5201","秋田市","52010140003","御所野湯本三丁目","39.65636","140.167192","0","3"
"5","秋田県","5201","秋田市","52010140004","御所野湯本四丁目","39.654845","140.169778","0","3"
"5","秋田県","5201","秋田市","52010140005","御所野湯本五丁目","39.652579","140.171385","0","3"
"5","秋田県","5201","秋田市","52010140006","御所野湯本六丁目","39.652957","140.165057","0","3"
"5","秋田県","5201","秋田市","52010141001","桜一丁目","39.711453","140.147051","0","3"
"5","秋田県","5201","秋田市","52010141002","桜二丁目","39.707641","140.149268","0","3"
"5","秋田県","5201","秋田市","52010141003","桜三丁目","39.711363","140.151969","0","3"
"5","秋田県","5201","秋田市","52010141004","桜四丁目","39.708464","140.154448","0","3"
"5","秋田県","5201","秋田市","52010142001","桜ガ丘一丁目","39.704224","140.151636","0","3"
"5","秋田県","5201","秋田市","52010142002","桜ガ丘二丁目","39.704051","140.155681","0","3"
"5","秋田県","5201","秋田市","52010142003","桜ガ丘三丁目","39.702141","140.156039","0","3"
"5","秋田県","5201","秋田市","52010142004","桜ガ丘四丁目","39.702405","140.150698","0","3"
"5","秋田県","5201","秋田市","52010142005","桜ガ丘五丁目","39.704158","140.159843","0","3"
"5","秋田県","5201","秋田市","52010143001","桜台一丁目","39.707568","140.15898099999998","0","3"
"5","秋田県","5201","秋田市","52010143002","桜台二丁目","39.709911","140.159366","0","3"
"5","秋田県","5201","秋田市","52010143003","桜台三丁目","39.711025","140.161185","0","3"
"5","秋田県","5201","秋田市","52010144000","山内","39.781243","140.183904","0","1"
"5","秋田県","5201","秋田市","52010145001","山王一丁目","39.721064","140.102718","0","3"
"5","秋田県","5201","秋田市","52010145002","山王二丁目","39.720726","140.10636","0","3"
"5","秋田県","5201","秋田市","52010145003","山王三丁目","39.717508","140.106378","0","3"
"5","秋田県","5201","秋田市","52010145004","山王四丁目","39.717358","140.102872","0","3"
"5","秋田県","5201","秋田市","52010145005","山王五丁目","39.714828","140.105046","0","3"
"5","秋田県","5201","秋田市","52010145006","山王六丁目","39.715408","140.0992","0","3"
"5","秋田県","5201","秋田市","52010145007","山王七丁目","39.717711","140.098573","0","3"
"5","秋田県","5201","秋田市","52010146000","山王新町","39.717352","140.094538","0","1"
"5","秋田県","5201","秋田市","52010147000","山王中島町","39.717048","140.090942","0","1"
"5","秋田県","5201","秋田市","52010148000","山王中園町","39.714951","140.095161","0","1"
"5","秋田県","5201","秋田市","52010149000","山王沼田町","39.714632","140.091157","0","1"
"5","秋田県","5201","秋田市","52010150000","山王臨海町","39.715981","140.088013","0","1"
"5","秋田県","5201","秋田市","52010151000","下北手黒川","39.700252","140.195762","0","1"
"5","秋田県","5201","秋田市","52010152000","下北手桜","39.716386","140.157505","0","1"
"5","秋田県","5201","秋田市","52010153000","下北手寒川","39.719265","140.206152","0","1"
"5","秋田県","5201","秋田市","52010154000","下北手宝川","39.707361","140.212324","0","1"
"5","秋田県","5201","秋田市","52010155000","下北手通沢","39.711216","140.189971","0","1"
"5","秋田県","5201","秋田市","52010156000","下北手梨平","39.702314","140.164783","0","1"
"5","秋田県","5201","秋田市","52010157000","下北手松崎","39.724721","140.167119","0","1"
"5","秋田県","5201","秋田市","52010158000","下北手柳館","39.715311","140.174438","0","1"
"5","秋田県","5201","秋田市","52010159000","下新城青崎","39.807955","140.086562","0","1"
"5","秋田県","5201","秋田市","52010160000","下新城岩城","39.788644","140.093452","0","1"
"5","秋田県","5201","秋田市","52010161000","下新城小友","39.812926","140.11776","0","1"
"5","秋田県","5201","秋田市","52010162000","下新城笠岡","39.79542","140.078214","0","1"
"5","秋田県","5201","秋田市","52010163000","下新城長岡","39.808018","140.070195","0","1"
"5","秋田県","5201","秋田市","52010164000","下新城中野","39.799532","140.054596","0","1"
"5","秋田県","5201","秋田市","52010165000","下浜桂根","39.644212","140.078483","0","1"
"5","秋田県","5201","秋田市","52010166000","下浜長浜","39.62577","140.080543","0","1"
"5","秋田県","5201","秋田市","52010167000","下浜楢田","39.625355","140.145583","0","1"
"5","秋田県","5201","秋田市","52010168000","下浜八田","39.616139","140.126708","0","1"
"5","秋田県","5201","秋田市","52010169000","下浜羽川","39.601166","140.082381","0","1"
"5","秋田県","5201","秋田市","52010170000","下浜名ケ沢","39.587411","140.129185","0","1"
"5","秋田県","5201","秋田市","52010171000","将軍野青山町","39.761768","140.089882","0","1"
"5","秋田県","5201","秋田市","52010172000","将軍野桂町","39.756217","140.091031","0","1"
"5","秋田県","5201","秋田市","52010173000","将軍野堰越","39.762293","140.092274","0","1"
"5","秋田県","5201","秋田市","52010174001","将軍野東一丁目","39.754954","140.08422","0","3"
"5","秋田県","5201","秋田市","52010174002","将軍野東二丁目","39.751969","140.08716","0","3"
"5","秋田県","5201","秋田市","52010174003","将軍野東三丁目","39.757031","140.087861","0","3"
"5","秋田県","5201","秋田市","52010174004","将軍野東四丁目","39.759844","140.086464","0","3"
"5","秋田県","5201","秋田市","52010175001","将軍野南一丁目","39.744475","140.081774","0","3"
"5","秋田県","5201","秋田市","52010175002","将軍野南二丁目","39.744892","140.086716","0","3"
"5","秋田県","5201","秋田市","52010175003","将軍野南三丁目","39.748024","140.08276","0","3"
"5","秋田県","5201","秋田市","52010175004","将軍野南四丁目","39.745714","140.088927","0","3"
"5","秋田県","5201","秋田市","52010175005","将軍野南五丁目","39.749281","140.085281","0","3"
"5","秋田県","5201","秋田市","52010176000","将軍野向山","39.750633","140.090224","0","1"
"5","秋田県","5201","秋田市","52010177000","新藤田","39.741624","140.135202","0","1"
"5","秋田県","5201","秋田市","52010178000","千秋北の丸","39.725458","140.12528","0","1"
"5","秋田県","5201","秋田市","52010179000","千秋久保田町","39.719487","140.127261","0","1"
"5","秋田県","5201","秋田市","52010180000","千秋公園","39.722074","140.124087","0","1"
"5","秋田県","5201","秋田市","52010181000","千秋城下町","39.723036","140.12824","0","1"
"5","秋田県","5201","秋田市","52010182000","千秋中島町","39.727053","140.122495","0","1"
"5","秋田県","5201","秋田市","52010183000","千秋明徳町","39.719069","140.121857","0","1"
"5","秋田県","5201","秋田市","52010184000","千秋矢留町","39.723012","140.120802","0","1"
"5","秋田県","5201","秋田市","52010185000","添川","39.759997","140.149141","0","1"
"5","秋田県","5201","秋田市","52010186000","外旭川","39.7577","140.108839","0","1"
"5","秋田県","5201","秋田市","52010187001","外旭川八幡田一丁目","39.743493","140.107526","0","3"
"5","秋田県","5201","秋田市","52010187002","外旭川八幡田二丁目","39.743871","140.104289","0","3"
"5","秋田県","5201","秋田市","52010188001","外旭川八柳一丁目","39.744133","140.101003","0","3"
"5","秋田県","5201","秋田市","52010188002","外旭川八柳二丁目","39.746512","140.101604","0","3"
"5","秋田県","5201","秋田市","52010188003","外旭川八柳三丁目","39.747035","140.096765","0","3"
"5","秋田県","5201","秋田市","52010189000","太平黒沢","39.745533","140.239193","0","1"
"5","秋田県","5201","秋田市","52010190000","太平寺庭","39.756177","140.220537","0","1"
"5","秋田県","5201","秋田市","52010191000","太平中関","39.727935","140.22462","0","1"
"5","秋田県","5201","秋田市","52010192000","太平八田","39.759922","140.194601","0","1"
"5","秋田県","5201","秋田市","52010193000","太平目長崎","39.740159","140.195366","0","1"
"5","秋田県","5201","秋田市","52010194000","太平山谷","39.746366","140.274737","0","1"
"5","秋田県","5201","秋田市","52010195000","土崎港御蔵町","39.746564","140.066006","0","1"
"5","秋田県","5201","秋田市","52010196001","土崎港北一丁目","39.75968","140.076874","0","3"
"5","秋田県","5201","秋田市","52010196002","土崎港北二丁目","39.760693","140.081609","0","3"
"5","秋田県","5201","秋田市","52010196003","土崎港北三丁目","39.766014","140.080484","0","3"
"5","秋田県","5201","秋田市","52010196004","土崎港北四丁目","39.762666","140.076986","0","3"
"5","秋田県","5201","秋田市","52010196005","土崎港北五丁目","39.762165","140.073035","0","3"
"5","秋田県","5201","秋田市","52010196006","土崎港北六丁目","39.76713","140.072357","0","3"
"5","秋田県","5201","秋田市","52010196007","土崎港北七丁目","39.769496","140.069729","0","3"
"5","秋田県","5201","秋田市","52010197000","土崎港穀保町","39.744705","140.066695","0","1"
"5","秋田県","5201","秋田市","52010198000","土崎港下浜町","39.751713","140.061735","0","1"
"5","秋田県","5201","秋田市","52010199000","土崎港相染町","39.765353","140.057928","0","1"
"5","秋田県","5201","秋田市","52010200001","土崎港中央一丁目","39.751732","140.06911","0","3"
"5","秋田県","5201","秋田市","52010200002","土崎港中央二丁目","39.749991","140.073121","0","3"
"5","秋田県","5201","秋田市","52010200003","土崎港中央三丁目","39.755868","140.069696","0","3"
"5","秋田県","5201","秋田市","52010200004","土崎港中央四丁目","39.753334","140.074088","0","3"
"5","秋田県","5201","秋田市","52010200005","土崎港中央五丁目","39.759049","140.070065","0","3"
"5","秋田県","5201","秋田市","52010200006","土崎港中央六丁目","39.758008","140.073316","0","3"
"5","秋田県","5201","秋田市","52010200007","土崎港中央七丁目","39.762767","140.069549","0","3"
"5","秋田県","5201","秋田市","52010201001","土崎港西一丁目","39.752253","140.061179","0","3"
"5","秋田県","5201","秋田市","52010201002","土崎港西二丁目","39.752052","140.065621","0","3"
"5","秋田県","5201","秋田市","52010201003","土崎港西三丁目","39.756072","140.065126","0","3"
"5","秋田県","5201","秋田市","52010201004","土崎港西四丁目","39.759084","140.065874","0","3"
"5","秋田県","5201","秋田市","52010201005","土崎港西五丁目","39.762914","140.067049","0","3"
"5","秋田県","5201","秋田市","52010202001","土崎港東一丁目","39.749246","140.078461","0","3"
"5","秋田県","5201","秋田市","52010202002","土崎港東二丁目","39.752227","140.07894","0","3"
"5","秋田県","5201","秋田市","52010202003","土崎港東三丁目","39.755171","140.078654","0","3"
"5","秋田県","5201","秋田市","52010202004","土崎港東四丁目","39.755327","140.082219","0","3"
"5","秋田県","5201","秋田市","52010203000","土崎港古川町","39.759749","140.06242","0","1"
"5","秋田県","5201","秋田市","52010204001","土崎港南一丁目","39.746339","140.069881","0","3"
"5","秋田県","5201","秋田市","52010204002","土崎港南二丁目","39.746323","140.073185","0","3"
"5","秋田県","5201","秋田市","52010204003","土崎港南三丁目","39.745051","140.076642","0","3"
"5","秋田県","5201","秋田市","52010205000","手形","39.729814","140.136017","0","1"
"5","秋田県","5201","秋田市","52010206000","手形学園町","39.727765","140.134054","0","1"
"5","秋田県","5201","秋田市","52010207000","手形からみでん","39.731282","140.127851","0","1"
"5","秋田県","5201","秋田市","52010208000","手形休下町","39.727137","140.128681","0","1"
"5","秋田県","5201","秋田市","52010209000","手形新栄町","39.723073","140.130183","0","1"
"5","秋田県","5201","秋田市","52010210000","手形住吉町","39.726811","140.131158","0","1"
"5","秋田県","5201","秋田市","52010211000","手形田中","39.731465","140.131163","0","1"
"5","秋田県","5201","秋田市","52010212000","手形山北町","39.734421","140.141757","0","1"
"5","秋田県","5201","秋田市","52010213000","手形山崎町","39.724698","140.132533","0","1"
"5","秋田県","5201","秋田市","52010214000","手形山中町","39.731126","140.143078","0","1"
"5","秋田県","5201","秋田市","52010215000","手形山西町","39.731576","140.138466","0","1"
"5","秋田県","5201","秋田市","52010216000","手形山東町","39.732879","140.144601","0","1"
"5","秋田県","5201","秋田市","52010217000","手形山南町","39.730382","140.140965","0","1"
"5","秋田県","5201","秋田市","52010218000","寺内","39.733602","140.074511","0","1"
"5","秋田県","5201","秋田市","52010219001","寺内油田一丁目","39.731633","140.091152","0","3"
"5","秋田県","5201","秋田市","52010219002","寺内油田二丁目","39.731046","140.088581","0","3"
"5","秋田県","5201","秋田市","52010219003","寺内油田三丁目","39.732696","140.087632","0","3"
"5","秋田県","5201","秋田市","52010220000","寺内後城","39.73991","140.07349","0","1"
"5","秋田県","5201","秋田市","52010221000","寺内鵜ノ木","39.738438","140.082969","0","1"
"5","秋田県","5201","秋田市","52010222000","寺内大小路","39.737737","140.078403","0","1"
"5","秋田県","5201","秋田市","52010223000","寺内大畑","39.740602","140.080365","0","1"
"5","秋田県","5201","秋田市","52010224000","寺内神屋敷","39.733605","140.0813","0","1"
"5","秋田県","5201","秋田市","52010225000","寺内高野","39.741834","140.086658","0","1"
"5","秋田県","5201","秋田市","52010226001","寺内児桜一丁目","39.736136","140.084968","0","3"
"5","秋田県","5201","秋田市","52010226002","寺内児桜二丁目","39.737931","140.085402","0","3"
"5","秋田県","5201","秋田市","52010226003","寺内児桜三丁目","39.739837","140.089498","0","3"
"5","秋田県","5201","秋田市","52010227001","寺内堂ノ沢一丁目","39.734579","140.089941","0","3"
"5","秋田県","5201","秋田市","52010227002","寺内堂ノ沢二丁目","39.734373","140.086166","0","3"
"5","秋田県","5201","秋田市","52010227003","寺内堂ノ沢三丁目","39.736989","140.089605","0","3"
"5","秋田県","5201","秋田市","52010228001","寺内蛭根一丁目","39.72782","140.089722","0","3"
"5","秋田県","5201","秋田市","52010228002","寺内蛭根二丁目","39.729162","140.085939","0","3"
"5","秋田県","5201","秋田市","52010228003","寺内蛭根三丁目","39.72967","140.082381","0","3"
"5","秋田県","5201","秋田市","52010229000","寺内焼山","39.740899","140.07643","0","1"
"5","秋田県","5201","秋田市","52010230000","豊岩石田坂","39.666572","140.105074","0","1"
"5","秋田県","5201","秋田市","52010231000","豊岩小山","39.628715","140.122977","0","1"
"5","秋田県","5201","秋田市","52010232000","豊岩豊巻","39.647024","140.110169","0","1"
"5","秋田県","5201","秋田市","52010233001","中通一丁目","39.717321","140.120084","0","3"
"5","秋田県","5201","秋田市","52010233002","中通二丁目","39.71695","140.125633","0","3"
"5","秋田県","5201","秋田市","52010233003","中通三丁目","39.715525","140.119615","0","3"
"5","秋田県","5201","秋田市","52010233004","中通四丁目","39.71516","140.125178","0","3"
"5","秋田県","5201","秋田市","52010233005","中通五丁目","39.713287","140.119111","0","3"
"5","秋田県","5201","秋田市","52010233006","中通六丁目","39.713163","140.125038","0","3"
"5","秋田県","5201","秋田市","52010233007","中通七丁目","39.716787","140.129255","0","3"
"5","秋田県","5201","秋田市","52010234000","楢山","39.699269","140.140741","0","1"
"5","秋田県","5201","秋田市","52010235000","楢山愛宕下","39.702392","140.122845","0","1"
"5","秋田県","5201","秋田市","52010236000","楢山石塚町","39.699527","140.135683","0","1"
"5","秋田県","5201","秋田市","52010237000","楢山太田町","39.703778","140.132038","0","1"
"5","秋田県","5201","秋田市","52010238000","楢山大元町","39.706758","140.129082","0","1"
"5","秋田県","5201","秋田市","52010239000","楢山川口境","39.703556","140.111563","0","1"
"5","秋田県","5201","秋田市","52010240000","楢山共和町","39.70301","140.116457","0","1"
"5","秋田県","5201","秋田市","52010241000","楢山金照町","39.702895","140.128784","0","1"
"5","秋田県","5201","秋田市","52010242000","楢山佐竹町","39.706474","140.123337","0","1"
"5","秋田県","5201","秋田市","52010243000","楢山城南新町","39.697592","140.131999","0","1"
"5","秋田県","5201","秋田市","52010244000","楢山城南町","39.699889","140.128312","0","1"
"5","秋田県","5201","秋田市","52010245000","楢山登町","39.70743","140.113393","0","1"
"5","秋田県","5201","秋田市","52010246000","楢山古川新町","39.705038","140.123372","0","1"
"5","秋田県","5201","秋田市","52010247000","楢山本町","39.705602","140.119523","0","1"
"5","秋田県","5201","秋田市","52010248000","楢山南新町上丁","39.705353","140.121259","0","1"
"5","秋田県","5201","秋田市","52010249000","楢山南新町下丁","39.70311","140.119934","0","1"
"5","秋田県","5201","秋田市","52010250000","楢山南中町","39.706525","140.116758","0","1"
"5","秋田県","5201","秋田市","52010251000","仁井田","39.682333","140.142504","0","1"
"5","秋田県","5201","秋田市","52010252000","仁井田潟中町","39.687476","140.121353","0","1"
"5","秋田県","5201","秋田市","52010253000","仁井田小中島","39.682365","140.120962","0","1"
"5","秋田県","5201","秋田市","52010254000","仁井田栄町","39.686042","140.126029","0","1"
"5","秋田県","5201","秋田市","52010255001","仁井田新田一丁目","39.68219","140.123754","0","3"
"5","秋田県","5201","秋田市","52010255002","仁井田新田二丁目","39.679042","140.12405","0","3"
"5","秋田県","5201","秋田市","52010255003","仁井田新田三丁目","39.679745","140.12061","0","3"
"5","秋田県","5201","秋田市","52010256000","仁井田蕗見町","39.685979","140.123946","0","1"
"5","秋田県","5201","秋田市","52010257001","仁井田福島一丁目","39.69184","140.129353","0","3"
"5","秋田県","5201","秋田市","52010257002","仁井田福島二丁目","39.692074","140.132587","0","3"
"5","秋田県","5201","秋田市","52010258001","仁井田二ツ屋一丁目","39.691491","140.12335","0","3"
"5","秋田県","5201","秋田市","52010258002","仁井田二ツ屋二丁目","39.691714","140.125814","0","3"
"5","秋田県","5201","秋田市","52010259001","仁井田本町一丁目","39.682056","140.128994","0","3"
"5","秋田県","5201","秋田市","52010259002","仁井田本町二丁目","39.680764","140.134868","0","3"
"5","秋田県","5201","秋田市","52010259003","仁井田本町三丁目","39.678074","140.13233","0","3"
"5","秋田県","5201","秋田市","52010259004","仁井田本町四丁目","39.678806","140.128401","0","3"
"5","秋田県","5201","秋田市","52010259005","仁井田本町五丁目","39.673453","140.125649","0","3"
"5","秋田県","5201","秋田市","52010259006","仁井田本町六丁目","39.672782","140.126948","0","3"
"5","秋田県","5201","秋田市","52010260000","仁井田緑町","39.690867","140.121197","0","1"
"5","秋田県","5201","秋田市","52010261001","仁井田目長田一丁目","39.67826","140.137017","0","3"
"5","秋田県","5201","秋田市","52010261002","仁井田目長田二丁目","39.678631","140.141572","0","3"
"5","秋田県","5201","秋田市","52010261003","仁井田目長田三丁目","39.677044","140.139731","0","3"
"5","秋田県","5201","秋田市","52010262000","濁川","39.756985","140.129221","0","1"
"5","秋田県","5201","秋田市","52010263000","仁別","39.813829","140.255303","0","1"
"5","秋田県","5201","秋田市","52010264000","浜田","39.66658","140.077344","0","1"
"5","秋田県","5201","秋田市","52010265001","茨島一丁目","39.703848","140.102275","0","3"
"5","秋田県","5201","秋田市","52010265002","茨島二丁目","39.700324","140.104058","0","3"
"5","秋田県","5201","秋田市","52010265003","茨島三丁目","39.699774","140.097316","0","3"
"5","秋田県","5201","秋田市","52010265004","茨島四丁目","39.696752","140.101111","0","3"
"5","秋田県","5201","秋田市","52010265005","茨島五丁目","39.694277","140.092271","0","3"
"5","秋田県","5201","秋田市","52010265006","茨島六丁目","39.692454","140.098757","0","3"
"5","秋田県","5201","秋田市","52010265007","茨島七丁目","39.688979","140.102042","0","3"
"5","秋田県","5201","秋田市","52010266001","東通一丁目","39.716047","140.135858","0","3"
"5","秋田県","5201","秋田市","52010266002","東通二丁目","39.716223","140.139514","0","3"
"5","秋田県","5201","秋田市","52010266003","東通三丁目","39.716078","140.142167","0","3"
"5","秋田県","5201","秋田市","52010266004","東通四丁目","39.713663","140.142362","0","3"
"5","秋田県","5201","秋田市","52010266005","東通五丁目","39.713529","140.139655","0","3"
"5","秋田県","5201","秋田市","52010266006","東通六丁目","39.71335","140.135934","0","3"
"5","秋田県","5201","秋田市","52010266007","東通七丁目","39.711786","140.136059","0","3"
"5","秋田県","5201","秋田市","52010266008","東通八丁目","39.711976","140.140717","0","3"
"5","秋田県","5201","秋田市","52010267000","東通観音前","39.710665","140.13251","0","1"
"5","秋田県","5201","秋田市","52010268000","東通館ノ越","39.708371","140.130914","0","1"
"5","秋田県","5201","秋田市","52010269000","東通仲町","39.715752","140.132055","0","1"
"5","秋田県","5201","秋田市","52010270000","東通明田","39.707574","140.133645","0","1"
"5","秋田県","5201","秋田市","52010271000","広面","39.721497","140.148252","0","1"
"5","秋田県","5201","秋田市","52010272000","蛇野","39.724525","140.138693","0","1"
"5","秋田県","5201","秋田市","52010273000","保戸野金砂町","39.730674","140.123413","0","1"
"5","秋田県","5201","秋田市","52010274000","保戸野桜町","39.732726","140.119337","0","1"
"5","秋田県","5201","秋田市","52010275000","保戸野すわ町","39.72376","140.114908","0","1"
"5","秋田県","5201","秋田市","52010276000","保戸野千代田町","39.726759","140.109351","0","1"
"5","秋田県","5201","秋田市","52010277000","保戸野鉄砲町","39.723416","140.110858","0","1"
"5","秋田県","5201","秋田市","52010278000","保戸野通町","39.721331","140.116626","0","1"
"5","秋田県","5201","秋田市","52010279000","保戸野中町","39.723982","140.118573","0","1"
"5","秋田県","5201","秋田市","52010280000","保戸野八丁","39.729806","140.119643","0","1"
"5","秋田県","5201","秋田市","52010281000","保戸野原の町","39.727068","140.115578","0","1"
"5","秋田県","5201","秋田市","52010282000","南通亀の町","39.710615","140.118415","0","1"
"5","秋田県","5201","秋田市","52010283000","南通築地","39.70927","140.124945","0","1"
"5","秋田県","5201","秋田市","52010284000","南通みその町","39.709775","140.122098","0","1"
"5","秋田県","5201","秋田市","52010285000","南通宮田","39.708127","140.127347","0","1"
"5","秋田県","5201","秋田市","52010286001","向浜一丁目","39.73364","140.062651","0","3"
"5","秋田県","5201","秋田市","52010286002","向浜二丁目","39.74902","140.053898","0","3"
"5","秋田県","5201","秋田市","52010287000","柳田","39.74409","140.154008","0","1"
"5","秋田県","5201","秋田市","52010288000","八橋","39.7251","140.085288","0","1"
"5","秋田県","5201","秋田市","52010289001","八橋イサノ一丁目","39.731531","140.09339","0","3"
"5","秋田県","5201","秋田市","52010289002","八橋イサノ二丁目","39.734692","140.092975","0","3"
"5","秋田県","5201","秋田市","52010290000","八橋運動公園","39.72061","140.096985","0","1"
"5","秋田県","5201","秋田市","52010291000","八橋大沼町","39.731842","140.096531","0","1"
"5","秋田県","5201","秋田市","52010292001","八橋大畑一丁目","39.734849","140.098545","0","3"
"5","秋田県","5201","秋田市","52010292002","八橋大畑二丁目","39.734959","140.096035","0","3"
"5","秋田県","5201","秋田市","52010293000","八橋新川向","39.72895","140.103114","0","1"
"5","秋田県","5201","秋田市","52010294000","八橋大道東","39.728651","140.09247","0","1"
"5","秋田県","5201","秋田市","52010295001","八橋田五郎一丁目","39.728739","140.097243","0","3"
"5","秋田県","5201","秋田市","52010295002","八橋田五郎二丁目","39.728539","140.095113","0","3"
"5","秋田県","5201","秋田市","52010296000","八橋鯲沼町","39.731839","140.100073","0","1"
"5","秋田県","5201","秋田市","52010297001","八橋本町一丁目","39.722653","140.098832","0","3"
"5","秋田県","5201","秋田市","52010297002","八橋本町二丁目","39.723219","140.095102","0","3"
"5","秋田県","5201","秋田市","52010297003","八橋本町三丁目","39.725171","140.10071","0","3"
"5","秋田県","5201","秋田市","52010297004","八橋本町四丁目","39.725433","140.097702","0","3"
"5","秋田県","5201","秋田市","52010297005","八橋本町五丁目","39.725606","140.095032","0","3"
"5","秋田県","5201","秋田市","52010297006","八橋本町六丁目","39.725232","140.09022","0","3"
"5","秋田県","5201","秋田市","52010298001","八橋南一丁目","39.721625","140.091616","0","3"
"5","秋田県","5201","秋田市","52010298002","八橋南二丁目","39.72099","140.088677","0","3"
"5","秋田県","5201","秋田市","52010299000","八橋三和町","39.729025","140.100118","0","1"
"5","秋田県","5201","秋田市","52010300001","山手台一丁目","39.69499","140.149455","0","3"
"5","秋田県","5201","秋田市","52010300002","山手台二丁目","39.695514","140.151117","0","3"
"5","秋田県","5201","秋田市","52010300003","山手台三丁目","39.692461","140.152369","0","3"
"5","秋田県","5201","秋田市","52010301000","雄和相川","39.573787","140.172445","0","1"
"5","秋田県","5201","秋田市","52010302000","雄和新波","39.530892","140.234831","0","1"
"5","秋田県","5201","秋田市","52010303000","雄和碇田","39.512206","140.237267","0","1"
"5","秋田県","5201","秋田市","52010304000","雄和石田","39.5954","140.16985","0","1"
"5","秋田県","5201","秋田市","52010305000","雄和萱ケ沢","39.480937","140.247102","0","1"
"5","秋田県","5201","秋田市","52010306000","雄和左手子","39.549886","140.221462","0","1"
"5","秋田県","5201","秋田市","52010307000","雄和芝野新田","39.639344","140.140409","0","1"
"5","秋田県","5201","秋田市","52010308000","雄和下黒瀬","39.606198","140.142815","0","1"
"5","秋田県","5201","秋田市","52010309000","雄和神ケ村","39.512433","140.200846","0","1"
"5","秋田県","5201","秋田市","52010310000","雄和田草川","39.644799","140.150483","0","1"
"5","秋田県","5201","秋田市","52010311000","雄和種沢","39.576889","140.227229","0","1"
"5","秋田県","5201","秋田市","52010312000","雄和繋","39.529045","140.203436","0","1"
"5","秋田県","5201","秋田市","52010313000","雄和椿川","39.619992","140.192408","0","1"
"5","秋田県","5201","秋田市","52010314000","雄和戸賀沢","39.569355","140.200779","0","1"
"5","秋田県","5201","秋田市","52010315000","雄和平尾鳥","39.613537","140.25753","0","1"
"5","秋田県","5201","秋田市","52010316000","雄和平沢","39.607862","140.178791","0","1"
"5","秋田県","5201","秋田市","52010317000","雄和妙法","39.593962","140.184103","0","1"
"5","秋田県","5201","秋田市","52010318000","雄和向野","39.537955","140.232134","0","1"
"5","秋田県","5201","秋田市","52010319000","雄和女米木","39.550316","140.192452","0","1"
"5","秋田県","5201","秋田市","52010320001","横森一丁目","39.707025","140.138731","0","3"
"5","秋田県","5201","秋田市","52010320002","横森二丁目","39.704141","140.140569","0","3"
"5","秋田県","5201","秋田市","52010320003","横森三丁目","39.704207","140.146351","0","3"
"5","秋田県","5201","秋田市","52010320004","横森四丁目","39.706627","140.145253","0","3"
"5","秋田県","5201","秋田市","52010320005","横森五丁目","39.70875","140.142828","0","3"
"5","秋田県","5201","秋田市","52010321000","四ツ小屋","39.65857","140.13343","0","1"
"5","秋田県","5201","秋田市","52010322000","四ツ小屋小阿地","39.66381","140.147117","0","1"
"5","秋田県","5201","秋田市","52010323000","四ツ小屋末戸松本","39.650574","140.158546","0","1"
"5","秋田県","5201","秋田市","52010324001","南ケ丘一丁目","39.689907","140.159943","0","3"
"5","秋田県","5201","秋田市","52010324002","南ケ丘二丁目","39.687798","140.161214","0","3"
"5","秋田県","5201","秋田市","52010324003","南ケ丘三丁目","39.689093","140.165196","0","3"
"5","秋田県","5201","秋田市","52010325001","大住南一丁目","39.686917","140.108875","3","3"
"5","秋田県","5201","秋田市","52010325002","大住南二丁目","39.686667","140.110178","3","3"
"5","秋田県","5201","秋田市","52010325003","大住南三丁目","39.683569","140.105848","3","3"
"5","秋田県","5201","秋田市","52010138002","御所野堤台二丁目","39.671649","140.170029","0","3"
